{
  "version": 1,
  "author": "Alex Catlow",
  "editor": "wokwi",
  "parts": [
    { "type": "wokwi-arduino-uno", "id": "uno", "top": 0, "left": 0, "attrs": {} },
    {
      "type": "wokwi-pushbutton",
      "id": "btn1",
      "top": -223.79,
      "left": 64.79,
      "attrs": { "color": "green" }
    },
    {
      "type": "wokwi-pushbutton",
      "id": "btn2",
      "top": -222.36,
      "left": 153,
      "attrs": { "color": "green" }
    },
    {
      "type": "wokwi-pushbutton",
      "id": "btn3",
      "top": -222.37,
      "left": 236.63,
      "attrs": { "color": "green" }
    },
    {
      "type": "wokwi-pushbutton",
      "id": "btn4",
      "top": -224.07,
      "left": 327.61,
      "attrs": { "color": "blue" }
    },
    {
      "type": "wokwi-pushbutton",
      "id": "btn5",
      "top": -128.24,
      "left": 327.78,
      "attrs": { "color": "blue" }
    },
    {
      "type": "wokwi-pushbutton",
      "id": "btn6",
      "top": -127.25,
      "left": 236.26,
      "attrs": { "color": "blue" }
    },
    {
      "type": "wokwi-pushbutton",
      "id": "btn7",
      "top": -127.23,
      "left": 150.97,
      "attrs": { "color": "blue" }
    },
    {
      "type": "wokwi-pushbutton",
      "id": "btn8",
      "top": -126.75,
      "left": 64.33,
      "attrs": { "color": "blue" }
    },
    {
      "type": "wokwi-led",
      "id": "led1",
      "top": 275.96,
      "left": 66.23,
      "attrs": { "color": "green" }
    },
    {
      "type": "wokwi-led",
      "id": "led2",
      "top": 274.84,
      "left": 119.25,
      "attrs": { "color": "green" }
    },
    {
      "type": "wokwi-led",
      "id": "led3",
      "top": 271.45,
      "left": 180.17,
      "attrs": { "color": "green" }
    },
    {
      "type": "wokwi-led",
      "id": "led4",
      "top": 275.96,
      "left": 243.35,
      "attrs": { "color": "blue" }
    },
    {
      "type": "wokwi-led",
      "id": "led5",
      "top": 345.91,
      "left": 63.97,
      "attrs": { "color": "blue" }
    },
    {
      "type": "wokwi-led",
      "id": "led6",
      "top": 344.78,
      "left": 119.25,
      "attrs": { "color": "blue" }
    },
    {
      "type": "wokwi-led",
      "id": "led7",
      "top": 345.91,
      "left": 183.56,
      "attrs": { "color": "blue" }
    },
    {
      "type": "wokwi-led",
      "id": "led8",
      "top": 343.65,
      "left": 242.22,
      "attrs": { "color": "blue" }
    },
    {
      "type": "wokwi-led",
      "id": "led9",
      "top": -69.94,
      "left": -97.06,
      "attrs": { "color": "purple" }
    },
    {
      "type": "wokwi-pushbutton",
      "id": "btn9",
      "top": -125.7,
      "left": -34.77,
      "attrs": { "color": "grey" }
    }
  ],
  "connections": [
    [ "btn4:1.l", "btn3:1.l", "green", [ "h-0.47", "v-20.63", "h-85.07" ] ],
    [ "btn3:1.l", "btn2:1.l", "green", [ "h-0.63", "v-21.32", "h-81.02" ] ],
    [ "btn2:1.l", "btn1:1.l", "green", [ "h-1.09", "v-20.32", "h-89.12" ] ],
    [ "led1:A", "uno:A5", "green", [ "v-87.87", "h154.9" ] ],
    [ "led2:A", "uno:A4", "green", [ "v-72.57", "h96.81" ] ],
    [ "led3:A", "uno:A3", "green", [ "v-58.04", "h28.8" ] ],
    [ "led4:A", "uno:A2", "green", [ "v-52.42", "h-42.48" ] ],
    [ "led8:A", "uno:A1", "green", [ "v-43.15", "h-38.31" ] ],
    [ "led7:A", "uno:A0", "green", [ "v-45.41", "h-30.29", "v-119.5", "h28.36" ] ],
    [ "led6:A", "uno:13", "green", [ "v-46.37", "h-158.92", "v-363.47", "h140.43" ] ],
    [ "led5:A", "uno:12", "green", [ "v-40.42", "h-114.27", "v-359.92", "h158.13" ] ],
    [ "led8:C", "led4:C", "green", [ "v-18.06", "h1.13" ] ],
    [ "led7:C", "led3:C", "green", [ "v-10.61", "h-3.39" ] ],
    [ "led6:C", "led2:C", "green", [ "v0" ] ],
    [ "led5:C", "led1:C", "green", [ "v0" ] ],
    [ "led2:C", "led1:C", "green", [ "v11.06", "h-53.02" ] ],
    [ "led3:C", "led2:C", "green", [ "v13.98", "h-58.79" ] ],
    [ "led4:C", "led3:C", "green", [ "v9.47", "h-64.15", "v-18.88" ] ],
    [ "uno:GND.2", "led1:C", "black", [ "v24.65", "h-104.05", "v99.9" ] ],
    [ "btn5:1.l", "btn6:1.l", "green", [ "h-0.1", "v-19.2", "h-77.14" ] ],
    [ "btn6:1.l", "btn7:1.l", "green", [ "h0.01", "v-20.19", "h-85.3" ] ],
    [ "btn7:1.l", "btn8:1.l", "green", [ "h0.23", "v-20.21", "h-53.37" ] ],
    [ "btn8:1.l", "btn1:1.l", "green", [ "h-9.29", "v-94.66" ] ],
    [ "uno:GND.1", "btn8:1.l", "black", [ "v-38.82", "h-60.46", "v-77.67" ] ],
    [ "btn8:1.l", "btn9:1.l", "green", [ "h-9.29", "v-19.63", "h-89.29" ] ],
    [ "led9:A", "uno:11", "green", [ "v1.36", "h44.88", "v-19.68", "h146.61" ] ],
    [ "btn9:1.l", "led9:C", "green", [ "h-62.61", "v87.54" ] ],
    [ "btn9:2.r", "uno:10", "green", [ "h-0.4", "v38.8", "h108.61" ] ],
    [ "btn8:2.r", "uno:9", "green", [ "h0.3", "v32.02", "h21.53" ] ],
    [ "btn7:2.r", "uno:8", "green", [ "h-0.24", "v31.52", "h-44.03" ] ],
    [ "btn6:2.r", "uno:7", "green", [ "h-0.4", "v39.37", "h-109.59" ] ],
    [ "btn5:2.r", "uno:6", "green", [ "h-0.93", "v51.12", "h-188.84" ] ],
    [ "btn4:2.r", "uno:5", "green", [ "h15.88", "v154.78", "h-77.3" ] ],
    [ "btn3:2.r", "uno:4", "green", [ "h-0.77", "v20.01", "h116.44", "v142.85", "h-197.65" ] ],
    [ "btn2:2.r", "uno:3", "green", [ "h0.67", "v25.87", "h207.43", "v146.77", "h-6.85" ] ],
    [ "btn1:2.r", "uno:2", "green", [ "h1.8", "v36.11", "h304.3", "v148.72", "h-189.82" ] ]
  ],
  "dependencies": {}
}